ID,Task Name,Bucket Name,Phase,Progress,Priority,Notes
ST-001,ST-001 Research the modern definition of a star.,STA · A — Astronomy fundamentals,STA — Stellar Foundations,Not started,Medium,
ST-002,ST-002 Document how stars form from molecular clouds.,STA · A — Astronomy fundamentals,STA — Stellar Foundations,Not started,Medium,
ST-003,ST-003 Research interstellar gas composition.,STA · A — Astronomy fundamentals,STA — Stellar Foundations,Not started,Medium,
ST-004,ST-004 Research interstellar dust composition.,STA · A — Astronomy fundamentals,STA — Stellar Foundations,Not started,Medium,
ST-005,ST-005 Document giant molecular clouds.,STA · A — Astronomy fundamentals,STA — Stellar Foundations,Not started,Medium,
ST-006,ST-006 Research gravitational collapse mechanisms.,STA · A — Astronomy fundamentals,STA — Stellar Foundations,Not started,Medium,
ST-007,ST-007 Research protostar formation stages.,STA · A — Astronomy fundamentals,STA — Stellar Foundations,Not started,Medium,
ST-008,ST-008 Document accretion disks around protostars.,STA · A — Astronomy fundamentals,STA — Stellar Foundations,Not started,Medium,
ST-009,ST-009 Research stellar ignition thresholds.,STA · A — Astronomy fundamentals,STA — Stellar Foundations,Not started,Medium,
ST-010,ST-010 Document hydrogen fusion fundamentals.,STA · A — Astronomy fundamentals,STA — Stellar Foundations,Not started,Medium,
ST-011,ST-011 Research hydrostatic equilibrium.,STA · A — Astronomy fundamentals,STA — Stellar Foundations,Not started,Medium,
ST-012,ST-012 Document stellar energy transport mechanisms.,STA · A — Astronomy fundamentals,STA — Stellar Foundations,Not started,Medium,
ST-013,ST-013 Research radiation zones.,STA · A — Astronomy fundamentals,STA — Stellar Foundations,Not started,Medium,
ST-014,ST-014 Research convection zones.,STA · A — Astronomy fundamentals,STA — Stellar Foundations,Not started,Medium,
ST-015,ST-015 Document stellar atmospheres.,STA · A — Astronomy fundamentals,STA — Stellar Foundations,Not started,Medium,
ST-016,ST-016 Research photospheres.,STA · A — Astronomy fundamentals,STA — Stellar Foundations,Not started,Medium,
ST-017,ST-017 Research chromospheres.,STA · A — Astronomy fundamentals,STA — Stellar Foundations,Not started,Medium,
ST-018,ST-018 Research stellar coronae.,STA · A — Astronomy fundamentals,STA — Stellar Foundations,Not started,Medium,
ST-019,ST-019 Document stellar magnetic fields.,STA · A — Astronomy fundamentals,STA — Stellar Foundations,Not started,Medium,
ST-020,ST-020 Produce Stellar Foundations Summary v1.,STA · A — Astronomy fundamentals,STA — Stellar Foundations,Not started,Medium,
ST-021,ST-021 Research stellar mass measurements.,STA · B — Stellar measurements,STA — Stellar Foundations,Not started,Medium,
ST-022,ST-022 Document solar mass standards.,STA · B — Stellar measurements,STA — Stellar Foundations,Not started,Medium,
ST-023,ST-023 Research stellar radius measurements.,STA · B — Stellar measurements,STA — Stellar Foundations,Not started,Medium,
ST-024,ST-024 Document solar radius standards.,STA · B — Stellar measurements,STA — Stellar Foundations,Not started,Medium,
ST-025,ST-025 Research luminosity calculations.,STA · B — Stellar measurements,STA — Stellar Foundations,Not started,Medium,
ST-026,ST-026 Document absolute magnitude.,STA · B — Stellar measurements,STA — Stellar Foundations,Not started,Medium,
ST-027,ST-027 Document apparent magnitude.,STA · B — Stellar measurements,STA — Stellar Foundations,Not started,Medium,
ST-028,ST-028 Research bolometric magnitude.,STA · B — Stellar measurements,STA — Stellar Foundations,Not started,Medium,
ST-029,ST-029 Document stellar brightness scales.,STA · B — Stellar measurements,STA — Stellar Foundations,Not started,Medium,
ST-030,ST-030 Research distance measurement techniques.,STA · B — Stellar measurements,STA — Stellar Foundations,Not started,Medium,
ST-031,ST-031 Document parallax methods.,STA · B — Stellar measurements,STA — Stellar Foundations,Not started,Medium,
ST-032,ST-032 Research spectroscopic parallax.,STA · B — Stellar measurements,STA — Stellar Foundations,Not started,Medium,
ST-033,ST-033 Document standard candles.,STA · B — Stellar measurements,STA — Stellar Foundations,Not started,Medium,
ST-034,ST-034 Research Cepheid distance relationships.,STA · B — Stellar measurements,STA — Stellar Foundations,Not started,Medium,
ST-035,ST-035 Document temperature measurements.,STA · B — Stellar measurements,STA — Stellar Foundations,Not started,Medium,
ST-036,ST-036 Research blackbody radiation.,STA · B — Stellar measurements,STA — Stellar Foundations,Not started,Medium,
ST-037,ST-037 Document color-temperature relationships.,STA · B — Stellar measurements,STA — Stellar Foundations,Not started,Medium,
ST-038,ST-038 Research stellar metallicity measurements.,STA · B — Stellar measurements,STA — Stellar Foundations,Not started,Medium,
ST-039,ST-039 Document stellar age estimation methods.,STA · B — Stellar measurements,STA — Stellar Foundations,Not started,Medium,
ST-040,ST-040 Produce Stellar Measurements Dataset v1.,STA · B — Stellar measurements,STA — Stellar Foundations,Not started,Medium,
ST-041,ST-041 Research the Morgan-Keenan classification system.,STA · C — Stellar classification,STA — Stellar Foundations,Not started,Medium,
ST-042,ST-042 Document spectral class O.,STA · C — Stellar classification,STA — Stellar Foundations,Not started,Medium,
ST-043,ST-043 Document spectral class B.,STA · C — Stellar classification,STA — Stellar Foundations,Not started,Medium,
ST-044,ST-044 Document spectral class A.,STA · C — Stellar classification,STA — Stellar Foundations,Not started,Medium,
ST-045,ST-045 Document spectral class F.,STA · C — Stellar classification,STA — Stellar Foundations,Not started,Medium,
ST-046,ST-046 Document spectral class G.,STA · C — Stellar classification,STA — Stellar Foundations,Not started,Medium,
ST-047,ST-047 Document spectral class K.,STA · C — Stellar classification,STA — Stellar Foundations,Not started,Medium,
ST-048,ST-048 Document spectral class M.,STA · C — Stellar classification,STA — Stellar Foundations,Not started,Medium,
ST-049,ST-049 Research spectral subclasses.,STA · C — Stellar classification,STA — Stellar Foundations,Not started,Medium,
ST-050,ST-050 Research luminosity classes.,STA · C — Stellar classification,STA — Stellar Foundations,Not started,Medium,
ST-051,ST-051 Document hypergiants.,STA · C — Stellar classification,STA — Stellar Foundations,Not started,Medium,
ST-052,ST-052 Document supergiants.,STA · C — Stellar classification,STA — Stellar Foundations,Not started,Medium,
ST-053,ST-053 Document giants.,STA · C — Stellar classification,STA — Stellar Foundations,Not started,Medium,
ST-054,ST-054 Document subgiants.,STA · C — Stellar classification,STA — Stellar Foundations,Not started,Medium,
ST-055,ST-055 Document main-sequence stars.,STA · C — Stellar classification,STA — Stellar Foundations,Not started,Medium,
ST-056,ST-056 Document subdwarfs.,STA · C — Stellar classification,STA — Stellar Foundations,Not started,Medium,
ST-057,ST-057 Document white dwarfs.,STA · C — Stellar classification,STA — Stellar Foundations,Not started,Medium,
ST-058,ST-058 Create stellar classification comparison matrix.,STA · C — Stellar classification,STA — Stellar Foundations,Not started,Medium,
ST-059,ST-059 Build classification knowledge graph relationships.,STA · C — Stellar classification,STA — Stellar Foundations,Not started,Medium,
ST-060,ST-060 Produce Spectral Classification Reference v1.,STA · C — Stellar classification,STA — Stellar Foundations,Not started,Medium,
ST-061,ST-061 Research the history of the Hertzsprung-Russell Diagram.,STA · D — H-R diagram research,STA — Stellar Foundations,Not started,Medium,
ST-062,ST-062 Research Ejnar Hertzsprung.,STA · D — H-R diagram research,STA — Stellar Foundations,Not started,Medium,
ST-063,ST-063 Research Henry Norris Russell.,STA · D — H-R diagram research,STA — Stellar Foundations,Not started,Medium,
ST-064,ST-064 Document diagram axes and scales.,STA · D — H-R diagram research,STA — Stellar Foundations,Not started,Medium,
ST-065,ST-065 Research luminosity trends.,STA · D — H-R diagram research,STA — Stellar Foundations,Not started,Medium,
ST-066,ST-066 Research temperature trends.,STA · D — H-R diagram research,STA — Stellar Foundations,Not started,Medium,
ST-067,ST-067 Document main sequence structure.,STA · D — H-R diagram research,STA — Stellar Foundations,Not started,Medium,
ST-068,ST-068 Research giant branch populations.,STA · D — H-R diagram research,STA — Stellar Foundations,Not started,Medium,
ST-069,ST-069 Document supergiant regions.,STA · D — H-R diagram research,STA — Stellar Foundations,Not started,Medium,
ST-070,ST-070 Document white dwarf regions.,STA · D — H-R diagram research,STA — Stellar Foundations,Not started,Medium,
ST-071,ST-071 Research stellar evolution paths on the H-R Diagram.,STA · D — H-R diagram research,STA — Stellar Foundations,Not started,Medium,
ST-072,ST-072 Research birth-line relationships.,STA · D — H-R diagram research,STA — Stellar Foundations,Not started,Medium,
ST-073,ST-073 Research pre-main-sequence tracks.,STA · D — H-R diagram research,STA — Stellar Foundations,Not started,Medium,
ST-074,ST-074 Research red giant branch movement.,STA · D — H-R diagram research,STA — Stellar Foundations,Not started,Medium,
ST-075,ST-075 Research asymptotic giant branch movement.,STA · D — H-R diagram research,STA — Stellar Foundations,Not started,Medium,
ST-076,ST-076 Research post-main-sequence pathways.,STA · D — H-R diagram research,STA — Stellar Foundations,Not started,Medium,
ST-077,ST-077 Build educational H-R explanations.,STA · D — H-R diagram research,STA — Stellar Foundations,Not started,Medium,
ST-078,ST-078 Build H-R knowledge graph relationships.,STA · D — H-R diagram research,STA — Stellar Foundations,Not started,Medium,
ST-079,ST-079 Create classroom-level H-R summary.,STA · D — H-R diagram research,STA — Stellar Foundations,Not started,Medium,
ST-080,ST-080 Produce H-R Dataset v1.,STA · D — H-R diagram research,STA — Stellar Foundations,Not started,Medium,
ST-081,ST-081 Research the definition of a main-sequence star.,STA · E — Main sequence stars,STA — Stellar Foundations,Not started,Medium,
ST-082,ST-082 Document hydrogen-burning equilibrium.,STA · E — Main sequence stars,STA — Stellar Foundations,Not started,Medium,
ST-083,ST-083 Research stellar lifetimes across masses.,STA · E — Main sequence stars,STA — Stellar Foundations,Not started,Medium,
ST-084,ST-084 Research low-mass stellar evolution.,STA · E — Main sequence stars,STA — Stellar Foundations,Not started,Medium,
ST-085,ST-085 Research medium-mass stellar evolution.,STA · E — Main sequence stars,STA — Stellar Foundations,Not started,Medium,
ST-101,ST-101 Research the Sun as a G-type main-sequence star.,STB · F — The Sun,STB — Major Stars & Stellar Systems,Not started,Medium,
ST-102,ST-102 Document solar formation history.,STB · F — The Sun,STB — Major Stars & Stellar Systems,Not started,Medium,
ST-103,ST-103 Research solar age estimates.,STB · F — The Sun,STB — Major Stars & Stellar Systems,Not started,Medium,
ST-104,ST-104 Document solar structure layers.,STB · F — The Sun,STB — Major Stars & Stellar Systems,Not started,Medium,
ST-105,ST-105 Research the solar core.,STB · F — The Sun,STB — Major Stars & Stellar Systems,Not started,Medium,
ST-106,ST-106 Document radiative zone properties.,STB · F — The Sun,STB — Major Stars & Stellar Systems,Not started,Medium,
ST-107,ST-107 Document convective zone properties.,STB · F — The Sun,STB — Major Stars & Stellar Systems,Not started,Medium,
ST-108,ST-108 Research photosphere characteristics.,STB · F — The Sun,STB — Major Stars & Stellar Systems,Not started,Medium,
ST-109,ST-109 Research chromosphere characteristics.,STB · F — The Sun,STB — Major Stars & Stellar Systems,Not started,Medium,
ST-110,ST-110 Research corona characteristics.,STB · F — The Sun,STB — Major Stars & Stellar Systems,Not started,Medium,
ST-111,ST-111 Document solar magnetic activity.,STB · F — The Sun,STB — Major Stars & Stellar Systems,Not started,Medium,
ST-112,ST-112 Research sunspot cycles.,STB · F — The Sun,STB — Major Stars & Stellar Systems,Not started,Medium,
ST-113,ST-113 Research solar prominences.,STB · F — The Sun,STB — Major Stars & Stellar Systems,Not started,Medium,
ST-114,ST-114 Research solar flares.,STB · F — The Sun,STB — Major Stars & Stellar Systems,Not started,Medium,
ST-115,ST-115 Research coronal mass ejections.,STB · F — The Sun,STB — Major Stars & Stellar Systems,Not started,Medium,
ST-116,ST-116 Document solar wind physics.,STB · F — The Sun,STB — Major Stars & Stellar Systems,Not started,Medium,
ST-117,ST-117 Research heliosphere structure.,STB · F — The Sun,STB — Major Stars & Stellar Systems,Not started,Medium,
ST-118,ST-118 Create educational Sun profile.,STB · F — The Sun,STB — Major Stars & Stellar Systems,Not started,Medium,
ST-119,ST-119 Build Sun knowledge graph entity.,STB · F — The Sun,STB — Major Stars & Stellar Systems,Not started,Medium,
ST-120,ST-120 Produce Solar Reference Package v1.,STB · F — The Sun,STB — Major Stars & Stellar Systems,Not started,Medium,
ST-121,ST-121 Research the Alpha Centauri system.,STB · G — Closest stellar systems,STB — Major Stars & Stellar Systems,Not started,Medium,
ST-122,ST-122 Document Alpha Centauri A.,STB · G — Closest stellar systems,STB — Major Stars & Stellar Systems,Not started,Medium,
ST-123,ST-123 Document Alpha Centauri B.,STB · G — Closest stellar systems,STB — Major Stars & Stellar Systems,Not started,Medium,
ST-124,ST-124 Research Proxima Centauri.,STB · G — Closest stellar systems,STB — Major Stars & Stellar Systems,Not started,Medium,
ST-125,ST-125 Document Proxima Centauri b.,STB · G — Closest stellar systems,STB — Major Stars & Stellar Systems,Not started,Medium,
ST-126,ST-126 Research Barnard's Star.,STB · G — Closest stellar systems,STB — Major Stars & Stellar Systems,Not started,Medium,
ST-127,ST-127 Document Wolf 359.,STB · G — Closest stellar systems,STB — Major Stars & Stellar Systems,Not started,Medium,
ST-128,ST-128 Research Lalande 21185.,STB · G — Closest stellar systems,STB — Major Stars & Stellar Systems,Not started,Medium,
ST-129,ST-129 Document Sirius system overview.,STB · G — Closest stellar systems,STB — Major Stars & Stellar Systems,Not started,Medium,
ST-130,ST-130 Research Sirius A.,STB · G — Closest stellar systems,STB — Major Stars & Stellar Systems,Not started,Medium,
ST-131,ST-131 Research Sirius B.,STB · G — Closest stellar systems,STB — Major Stars & Stellar Systems,Not started,Medium,
ST-132,ST-132 Document Epsilon Eridani.,STB · G — Closest stellar systems,STB — Major Stars & Stellar Systems,Not started,Medium,
ST-133,ST-133 Research Tau Ceti.,STB · G — Closest stellar systems,STB — Major Stars & Stellar Systems,Not started,Medium,
ST-134,ST-134 Document Luyten's Star.,STB · G — Closest stellar systems,STB — Major Stars & Stellar Systems,Not started,Medium,
ST-135,ST-135 Research Ross 128.,STB · G — Closest stellar systems,STB — Major Stars & Stellar Systems,Not started,Medium,
ST-136,ST-136 Document Teegarden's Star.,STB · G — Closest stellar systems,STB — Major Stars & Stellar Systems,Not started,Medium,
ST-137,ST-137 Create Near Stars comparison matrix.,STB · G — Closest stellar systems,STB — Major Stars & Stellar Systems,Not started,Medium,
ST-138,ST-138 Build stellar neighborhood relationships.,STB · G — Closest stellar systems,STB — Major Stars & Stellar Systems,Not started,Medium,
ST-139,ST-139 Create educational nearby-stars narrative.,STB · G — Closest stellar systems,STB — Major Stars & Stellar Systems,Not started,Medium,
ST-140,ST-140 Produce Nearby Stellar Systems Dataset v1.,STB · G — Closest stellar systems,STB — Major Stars & Stellar Systems,Not started,Medium,
ST-141,ST-141 Research Sirius.,STB · H — Brightest stars in Earth's sky,STB — Major Stars & Stellar Systems,Not started,Medium,
ST-142,ST-142 Research Canopus.,STB · H — Brightest stars in Earth's sky,STB — Major Stars & Stellar Systems,Not started,Medium,
ST-143,ST-143 Research Arcturus.,STB · H — Brightest stars in Earth's sky,STB — Major Stars & Stellar Systems,Not started,Medium,
ST-144,ST-144 Research Alpha Centauri.,STB · H — Brightest stars in Earth's sky,STB — Major Stars & Stellar Systems,Not started,Medium,
ST-145,ST-145 Research Vega.,STB · H — Brightest stars in Earth's sky,STB — Major Stars & Stellar Systems,Not started,Medium,
ST-146,ST-146 Research Capella.,STB · H — Brightest stars in Earth's sky,STB — Major Stars & Stellar Systems,Not started,Medium,
ST-147,ST-147 Research Rigel.,STB · H — Brightest stars in Earth's sky,STB — Major Stars & Stellar Systems,Not started,Medium,
ST-148,ST-148 Research Procyon.,STB · H — Brightest stars in Earth's sky,STB — Major Stars & Stellar Systems,Not started,Medium,
ST-149,ST-149 Research Achernar.,STB · H — Brightest stars in Earth's sky,STB — Major Stars & Stellar Systems,Not started,Medium,
ST-150,ST-150 Research Betelgeuse.,STB · H — Brightest stars in Earth's sky,STB — Major Stars & Stellar Systems,Not started,Medium,
ST-151,ST-151 Research Hadar.,STB · H — Brightest stars in Earth's sky,STB — Major Stars & Stellar Systems,Not started,Medium,
ST-152,ST-152 Research Altair.,STB · H — Brightest stars in Earth's sky,STB — Major Stars & Stellar Systems,Not started,Medium,
ST-153,ST-153 Research Acrux.,STB · H — Brightest stars in Earth's sky,STB — Major Stars & Stellar Systems,Not started,Medium,
ST-154,ST-154 Research Aldebaran.,STB · H — Brightest stars in Earth's sky,STB — Major Stars & Stellar Systems,Not started,Medium,
ST-155,ST-155 Research Antares.,STB · H — Brightest stars in Earth's sky,STB — Major Stars & Stellar Systems,Not started,Medium,
ST-156,ST-156 Create brightest stars ranking dataset.,STB · H — Brightest stars in Earth's sky,STB — Major Stars & Stellar Systems,Not started,Medium,
ST-157,ST-157 Build naked-eye observation guide.,STB · H — Brightest stars in Earth's sky,STB — Major Stars & Stellar Systems,Not started,Medium,
ST-158,ST-158 Map visible-sky brightness categories.,STB · H — Brightest stars in Earth's sky,STB — Major Stars & Stellar Systems,Not started,Medium,
ST-159,ST-159 Create educational brightest-stars timeline.,STB · H — Brightest stars in Earth's sky,STB — Major Stars & Stellar Systems,Not started,Medium,
ST-160,ST-160 Produce Bright Stars Reference Package v1.,STB · H — Brightest stars in Earth's sky,STB — Major Stars & Stellar Systems,Not started,Medium,
ST-161,ST-161 Research Polaris.,STB · I — Navigation stars,STB — Major Stars & Stellar Systems,Not started,Medium,
ST-162,ST-162 Document Polaris history.,STB · I — Navigation stars,STB — Major Stars & Stellar Systems,Not started,Medium,
ST-163,ST-163 Research Polaris system structure.,STB · I — Navigation stars,STB — Major Stars & Stellar Systems,Not started,Medium,
ST-164,ST-164 Research Vega as a former pole star.,STB · I — Navigation stars,STB — Major Stars & Stellar Systems,Not started,Medium,
ST-165,ST-165 Research Thuban as a former pole star.,STB · I — Navigation stars,STB — Major Stars & Stellar Systems,Not started,Medium,
ST-166,ST-166 Document celestial pole mechanics.,STB · I — Navigation stars,STB — Major Stars & Stellar Systems,Not started,Medium,
ST-167,ST-167 Research Earth's axial precession.,STB · I — Navigation stars,STB — Major Stars & Stellar Systems,Not started,Medium,
ST-168,ST-168 Research Altair navigation history.,STB · I — Navigation stars,STB — Major Stars & Stellar Systems,Not started,Medium,
ST-169,ST-169 Research Deneb navigation history.,STB · I — Navigation stars,STB — Major Stars & Stellar Systems,Not started,Medium,
ST-170,ST-170 Research Vega navigation history.,STB · I — Navigation stars,STB — Major Stars & Stellar Systems,Not started,Medium,
ST-171,ST-171 Research Fomalhaut.,STB · I — Navigation stars,STB — Major Stars & Stellar Systems,Not started,Medium,
ST-172,ST-172 Research Regulus.,STB · I — Navigation stars,STB — Major Stars & Stellar Systems,Not started,Medium,
ST-173,ST-173 Research Spica.,STB · I — Navigation stars,STB — Major Stars & Stellar Systems,Not started,Medium,
ST-174,ST-174 Research navigation stars used in maritime astronomy.,STB · I — Navigation stars,STB — Major Stars & Stellar Systems,Not started,Medium,
ST-175,ST-175 Document celestial navigation basics.,STB · I — Navigation stars,STB — Major Stars & Stellar Systems,Not started,Medium,
ST-176,ST-176 Build navigation-star education content.,STB · I — Navigation stars,STB — Major Stars & Stellar Systems,Not started,Medium,
ST-177,ST-177 Build navigation-star knowledge graph.,STB · I — Navigation stars,STB — Major Stars & Stellar Systems,Not started,Medium,
ST-178,ST-178 Create pole-star chronology dataset.,STB · I — Navigation stars,STB — Major Stars & Stellar Systems,Not started,Medium,
ST-179,ST-179 Create navigation narrative package.,STB · I — Navigation stars,STB — Major Stars & Stellar Systems,Not started,Medium,
ST-180,ST-180 Produce Celestial Navigation Dataset v1.,STB · I — Navigation stars,STB — Major Stars & Stellar Systems,Not started,Medium,
ST-181,ST-181 Research Betelgeuse.,STB · J — Famous stellar giants & supergiants,STB — Major Stars & Stellar Systems,Not started,Medium,
ST-182,ST-182 Document Betelgeuse variability.,STB · J — Famous stellar giants & supergiants,STB — Major Stars & Stellar Systems,Not started,Medium,
ST-183,ST-183 Research Betelgeuse future supernova potential.,STB · J — Famous stellar giants & supergiants,STB — Major Stars & Stellar Systems,Not started,Medium,
ST-184,ST-184 Research Rigel.,STB · J — Famous stellar giants & supergiants,STB — Major Stars & Stellar Systems,Not started,Medium,
ST-185,ST-185 Research Deneb.,STB · J — Famous stellar giants & supergiants,STB — Major Stars & Stellar Systems,Not started,Medium,
ST-186,ST-186 Research Antares.,STB · J — Famous stellar giants & supergiants,STB — Major Stars & Stellar Systems,Not started,Medium,
ST-187,ST-187 Research Mu Cephei.,STB · J — Famous stellar giants & supergiants,STB — Major Stars & Stellar Systems,Not started,Medium,
ST-188,ST-188 Research VY Canis Majoris.,STB · J — Famous stellar giants & supergiants,STB — Major Stars & Stellar Systems,Not started,Medium,
ST-189,ST-189 Research UY Scuti.,STB · J — Famous stellar giants & supergiants,STB — Major Stars & Stellar Systems,Not started,Medium,
ST-190,ST-190 Research Eta Carinae.,STB · J — Famous stellar giants & supergiants,STB — Major Stars & Stellar Systems,Not started,Medium,
ST-191,ST-191 Document Eta Carinae eruptions.,STB · J — Famous stellar giants & supergiants,STB — Major Stars & Stellar Systems,Not started,Medium,
ST-192,ST-192 Research P Cygni.,STB · J — Famous stellar giants & supergiants,STB — Major Stars & Stellar Systems,Not started,Medium,
ST-193,ST-193 Research R136a1.,STB · J — Famous stellar giants & supergiants,STB — Major Stars & Stellar Systems,Not started,Medium,
ST-194,ST-194 Document known stellar size extremes.,STB · J — Famous stellar giants & supergiants,STB — Major Stars & Stellar Systems,Not started,Medium,
ST-195,ST-195 Research known stellar mass extremes.,STB · J — Famous stellar giants & supergiants,STB — Major Stars & Stellar Systems,Not started,Medium,
ST-196,ST-196 Research known stellar luminosity extremes.,STB · J — Famous stellar giants & supergiants,STB — Major Stars & Stellar Systems,Not started,Medium,
ST-197,ST-197 Create giant-star comparison matrix.,STB · J — Famous stellar giants & supergiants,STB — Major Stars & Stellar Systems,Not started,Medium,
ST-198,ST-198 Build stellar-extremes knowledge graph.,STB · J — Famous stellar giants & supergiants,STB — Major Stars & Stellar Systems,Not started,Medium,
ST-199,ST-199 Create giant-star educational narrative.,STB · J — Famous stellar giants & supergiants,STB — Major Stars & Stellar Systems,Not started,Medium,
ST-200,ST-200 Produce Stellar Extremes Reference Package v1.,STB · J — Famous stellar giants & supergiants,STB — Major Stars & Stellar Systems,Not started,Medium,
ST-201,ST-201 Research Andromeda.,STC · K — Alphabetical Batch I,STC — The 88 IAU Constellations,Not started,Medium,
ST-202,ST-202 Research Antlia.,STC · K — Alphabetical Batch I,STC — The 88 IAU Constellations,Not started,Medium,
ST-203,ST-203 Research Apus.,STC · K — Alphabetical Batch I,STC — The 88 IAU Constellations,Not started,Medium,
ST-204,ST-204 Research Aquarius.,STC · K — Alphabetical Batch I,STC — The 88 IAU Constellations,Not started,Medium,
ST-205,ST-205 Research Aquila.,STC · K — Alphabetical Batch I,STC — The 88 IAU Constellations,Not started,Medium,
ST-206,ST-206 Research Ara.,STC · K — Alphabetical Batch I,STC — The 88 IAU Constellations,Not started,Medium,
ST-207,ST-207 Research Aries.,STC · K — Alphabetical Batch I,STC — The 88 IAU Constellations,Not started,Medium,
ST-208,ST-208 Research Auriga.,STC · K — Alphabetical Batch I,STC — The 88 IAU Constellations,Not started,Medium,
ST-209,ST-209 Research Boötes.,STC · K — Alphabetical Batch I,STC — The 88 IAU Constellations,Not started,Medium,
ST-210,ST-210 Research Caelum.,STC · K — Alphabetical Batch I,STC — The 88 IAU Constellations,Not started,Medium,
ST-211,ST-211 Research Camelopardalis.,STC · K — Alphabetical Batch I,STC — The 88 IAU Constellations,Not started,Medium,
ST-212,ST-212 Research Cancer.,STC · K — Alphabetical Batch I,STC — The 88 IAU Constellations,Not started,Medium,
ST-213,ST-213 Research Canes Venatici.,STC · K — Alphabetical Batch I,STC — The 88 IAU Constellations,Not started,Medium,
ST-214,ST-214 Research Canis Major.,STC · K — Alphabetical Batch I,STC — The 88 IAU Constellations,Not started,Medium,
ST-215,ST-215 Research Canis Minor.,STC · K — Alphabetical Batch I,STC — The 88 IAU Constellations,Not started,Medium,
ST-216,ST-216 Research Capricornus.,STC · K — Alphabetical Batch I,STC — The 88 IAU Constellations,Not started,Medium,
ST-217,ST-217 Research Carina.,STC · K — Alphabetical Batch I,STC — The 88 IAU Constellations,Not started,Medium,
ST-218,ST-218 Research Cassiopeia.,STC · K — Alphabetical Batch I,STC — The 88 IAU Constellations,Not started,Medium,
ST-219,ST-219 Research Centaurus.,STC · K — Alphabetical Batch I,STC — The 88 IAU Constellations,Not started,Medium,
ST-220,ST-220 Research Cepheus.,STC · K — Alphabetical Batch I,STC — The 88 IAU Constellations,Not started,Medium,
ST-221,ST-221 Research Cetus.,STC · K — Alphabetical Batch I,STC — The 88 IAU Constellations,Not started,Medium,
ST-222,ST-222 Research Chamaeleon.,STC · K — Alphabetical Batch I,STC — The 88 IAU Constellations,Not started,Medium,
ST-223,ST-223 Research Circinus.,STC · K — Alphabetical Batch I,STC — The 88 IAU Constellations,Not started,Medium,
ST-224,ST-224 Research Columba.,STC · K — Alphabetical Batch I,STC — The 88 IAU Constellations,Not started,Medium,
ST-225,ST-225 Produce Constellation Dataset Batch 1.,STC · K — Alphabetical Batch I,STC — The 88 IAU Constellations,Not started,Medium,
ST-226,ST-226 Research Coma Berenices.,STC · L — Alphabetical Batch II,STC — The 88 IAU Constellations,Not started,Medium,
ST-227,ST-227 Research Corona Australis.,STC · L — Alphabetical Batch II,STC — The 88 IAU Constellations,Not started,Medium,
ST-228,ST-228 Research Corona Borealis.,STC · L — Alphabetical Batch II,STC — The 88 IAU Constellations,Not started,Medium,
ST-229,ST-229 Research Corvus.,STC · L — Alphabetical Batch II,STC — The 88 IAU Constellations,Not started,Medium,
ST-230,ST-230 Research Crater.,STC · L — Alphabetical Batch II,STC — The 88 IAU Constellations,Not started,Medium,
ST-231,ST-231 Research Crux.,STC · L — Alphabetical Batch II,STC — The 88 IAU Constellations,Not started,Medium,
ST-232,ST-232 Research Cygnus.,STC · L — Alphabetical Batch II,STC — The 88 IAU Constellations,Not started,Medium,
ST-233,ST-233 Research Delphinus.,STC · L — Alphabetical Batch II,STC — The 88 IAU Constellations,Not started,Medium,
ST-234,ST-234 Research Dorado.,STC · L — Alphabetical Batch II,STC — The 88 IAU Constellations,Not started,Medium,
ST-235,ST-235 Research Draco.,STC · L — Alphabetical Batch II,STC — The 88 IAU Constellations,Not started,Medium,
ST-236,ST-236 Research Equuleus.,STC · L — Alphabetical Batch II,STC — The 88 IAU Constellations,Not started,Medium,
ST-237,ST-237 Research Eridanus.,STC · L — Alphabetical Batch II,STC — The 88 IAU Constellations,Not started,Medium,
ST-238,ST-238 Research Fornax.,STC · L — Alphabetical Batch II,STC — The 88 IAU Constellations,Not started,Medium,
ST-239,ST-239 Research Gemini.,STC · L — Alphabetical Batch II,STC — The 88 IAU Constellations,Not started,Medium,
ST-240,ST-240 Research Grus.,STC · L — Alphabetical Batch II,STC — The 88 IAU Constellations,Not started,Medium,
ST-241,ST-241 Research Hercules.,STC · L — Alphabetical Batch II,STC — The 88 IAU Constellations,Not started,Medium,
ST-242,ST-242 Research Horologium.,STC · L — Alphabetical Batch II,STC — The 88 IAU Constellations,Not started,Medium,
ST-243,ST-243 Research Hydra.,STC · L — Alphabetical Batch II,STC — The 88 IAU Constellations,Not started,Medium,
ST-244,ST-244 Research Hydrus.,STC · L — Alphabetical Batch II,STC — The 88 IAU Constellations,Not started,Medium,
ST-245,ST-245 Research Indus.,STC · L — Alphabetical Batch II,STC — The 88 IAU Constellations,Not started,Medium,
ST-246,ST-246 Research Lacerta.,STC · L — Alphabetical Batch II,STC — The 88 IAU Constellations,Not started,Medium,
ST-247,ST-247 Research Leo.,STC · L — Alphabetical Batch II,STC — The 88 IAU Constellations,Not started,Medium,
ST-248,ST-248 Research Leo Minor.,STC · L — Alphabetical Batch II,STC — The 88 IAU Constellations,Not started,Medium,
ST-249,ST-249 Research Lepus.,STC · L — Alphabetical Batch II,STC — The 88 IAU Constellations,Not started,Medium,
ST-250,ST-250 Produce Constellation Dataset Batch 2.,STC · L — Alphabetical Batch II,STC — The 88 IAU Constellations,Not started,Medium,
ST-251,ST-251 Research Libra.,STC · M — Alphabetical Batch III,STC — The 88 IAU Constellations,Not started,Medium,
ST-252,ST-252 Research Lupus.,STC · M — Alphabetical Batch III,STC — The 88 IAU Constellations,Not started,Medium,
ST-253,ST-253 Research Lynx.,STC · M — Alphabetical Batch III,STC — The 88 IAU Constellations,Not started,Medium,
ST-254,ST-254 Research Lyra.,STC · M — Alphabetical Batch III,STC — The 88 IAU Constellations,Not started,Medium,
ST-255,ST-255 Research Mensa.,STC · M — Alphabetical Batch III,STC — The 88 IAU Constellations,Not started,Medium,
ST-256,ST-256 Research Microscopium.,STC · M — Alphabetical Batch III,STC — The 88 IAU Constellations,Not started,Medium,
ST-257,ST-257 Research Monoceros.,STC · M — Alphabetical Batch III,STC — The 88 IAU Constellations,Not started,Medium,
ST-258,ST-258 Research Musca.,STC · M — Alphabetical Batch III,STC — The 88 IAU Constellations,Not started,Medium,
ST-259,ST-259 Research Norma.,STC · M — Alphabetical Batch III,STC — The 88 IAU Constellations,Not started,Medium,
ST-260,ST-260 Research Octans.,STC · M — Alphabetical Batch III,STC — The 88 IAU Constellations,Not started,Medium,
ST-261,ST-261 Research Ophiuchus.,STC · M — Alphabetical Batch III,STC — The 88 IAU Constellations,Not started,Medium,
ST-262,ST-262 Research Orion.,STC · M — Alphabetical Batch III,STC — The 88 IAU Constellations,Not started,Medium,
ST-263,ST-263 Research Pavo.,STC · M — Alphabetical Batch III,STC — The 88 IAU Constellations,Not started,Medium,
ST-264,ST-264 Research Pegasus.,STC · M — Alphabetical Batch III,STC — The 88 IAU Constellations,Not started,Medium,
ST-265,ST-265 Research Perseus.,STC · M — Alphabetical Batch III,STC — The 88 IAU Constellations,Not started,Medium,
ST-266,ST-266 Research Phoenix.,STC · M — Alphabetical Batch III,STC — The 88 IAU Constellations,Not started,Medium,
ST-267,ST-267 Research Pictor.,STC · M — Alphabetical Batch III,STC — The 88 IAU Constellations,Not started,Medium,
ST-268,ST-268 Research Pisces.,STC · M — Alphabetical Batch III,STC — The 88 IAU Constellations,Not started,Medium,
ST-269,ST-269 Research Piscis Austrinus.,STC · M — Alphabetical Batch III,STC — The 88 IAU Constellations,Not started,Medium,
ST-270,ST-270 Research Puppis.,STC · M — Alphabetical Batch III,STC — The 88 IAU Constellations,Not started,Medium,
ST-271,ST-271 Research Pyxis.,STC · M — Alphabetical Batch III,STC — The 88 IAU Constellations,Not started,Medium,
ST-272,ST-272 Research Reticulum.,STC · M — Alphabetical Batch III,STC — The 88 IAU Constellations,Not started,Medium,
ST-273,ST-273 Research Sagitta.,STC · M — Alphabetical Batch III,STC — The 88 IAU Constellations,Not started,Medium,
ST-274,ST-274 Research Sagittarius.,STC · M — Alphabetical Batch III,STC — The 88 IAU Constellations,Not started,Medium,
ST-275,ST-275 Produce Constellation Dataset Batch 3.,STC · M — Alphabetical Batch III,STC — The 88 IAU Constellations,Not started,Medium,
ST-276,ST-276 Research Scorpius.,STC · N — Alphabetical Batch IV,STC — The 88 IAU Constellations,Not started,Medium,
ST-277,ST-277 Research Sculptor.,STC · N — Alphabetical Batch IV,STC — The 88 IAU Constellations,Not started,Medium,
ST-278,ST-278 Research Scutum.,STC · N — Alphabetical Batch IV,STC — The 88 IAU Constellations,Not started,Medium,
ST-279,ST-279 Research Serpens.,STC · N — Alphabetical Batch IV,STC — The 88 IAU Constellations,Not started,Medium,
ST-280,ST-280 Research Sextans.,STC · N — Alphabetical Batch IV,STC — The 88 IAU Constellations,Not started,Medium,
ST-281,ST-281 Research Taurus.,STC · N — Alphabetical Batch IV,STC — The 88 IAU Constellations,Not started,Medium,
ST-282,ST-282 Research Telescopium.,STC · N — Alphabetical Batch IV,STC — The 88 IAU Constellations,Not started,Medium,
ST-283,ST-283 Research Triangulum.,STC · N — Alphabetical Batch IV,STC — The 88 IAU Constellations,Not started,Medium,
ST-284,ST-284 Research Triangulum Australe.,STC · N — Alphabetical Batch IV,STC — The 88 IAU Constellations,Not started,Medium,
ST-285,ST-285 Research Tucana.,STC · N — Alphabetical Batch IV,STC — The 88 IAU Constellations,Not started,Medium,
ST-286,ST-286 Research Ursa Major.,STC · N — Alphabetical Batch IV,STC — The 88 IAU Constellations,Not started,Medium,
ST-287,ST-287 Research Ursa Minor.,STC · N — Alphabetical Batch IV,STC — The 88 IAU Constellations,Not started,Medium,
ST-288,ST-288 Research Vela.,STC · N — Alphabetical Batch IV,STC — The 88 IAU Constellations,Not started,Medium,
ST-289,ST-289 Research Virgo.,STC · O — Remaining IAU constellations + integration,STC — The 88 IAU Constellations,Not started,Medium,
ST-290,ST-290 Research Volans.,STC · O — Remaining IAU constellations + integration,STC — The 88 IAU Constellations,Not started,Medium,
ST-291,ST-291 Research Vulpecula.,STC · O — Remaining IAU constellations + integration,STC — The 88 IAU Constellations,Not started,Medium,
ST-292,ST-292 Create constellation boundary dataset.,STC · O — Remaining IAU constellations + integration,STC — The 88 IAU Constellations,Not started,Medium,
ST-293,ST-293 Create constellation-season mapping dataset.,STC · O — Remaining IAU constellations + integration,STC — The 88 IAU Constellations,Not started,Medium,
ST-294,ST-294 Create brightest-star-to-constellation index.,STC · O — Remaining IAU constellations + integration,STC — The 88 IAU Constellations,Not started,Medium,
ST-295,ST-295 Create constellation deep-sky-object index.,STC · O — Remaining IAU constellations + integration,STC — The 88 IAU Constellations,Not started,Medium,
ST-296,ST-296 Build constellation knowledge graph.,STC · O — Remaining IAU constellations + integration,STC — The 88 IAU Constellations,Not started,Medium,
ST-297,ST-297 Build educational constellation narration package.,STC · O — Remaining IAU constellations + integration,STC — The 88 IAU Constellations,Not started,Medium,
ST-298,ST-298 Build observer guide dataset.,STC · O — Remaining IAU constellations + integration,STC — The 88 IAU Constellations,Not started,Medium,
ST-299,ST-299 Validate all 88 constellation entries.,STC · O — Remaining IAU constellations + integration,STC — The 88 IAU Constellations,Not started,Medium,
ST-300,ST-300 Produce Complete IAU Constellation Reference v1.,STC · O — Remaining IAU constellations + integration,STC — The 88 IAU Constellations,Not started,Medium,
ST-301,ST-301 Research the origins of ancient astronomy.,STD · P — Ancient astronomy foundations,"STD — Cultural Astronomy, Navigation & Human Sky Knowledge",Not started,Medium,
ST-302,ST-302 Research prehistoric sky observation.,STD · P — Ancient astronomy foundations,"STD — Cultural Astronomy, Navigation & Human Sky Knowledge",Not started,Medium,
ST-303,ST-303 Document early lunar calendars.,STD · P — Ancient astronomy foundations,"STD — Cultural Astronomy, Navigation & Human Sky Knowledge",Not started,Medium,
ST-304,ST-304 Research ancient solar calendars.,STD · P — Ancient astronomy foundations,"STD — Cultural Astronomy, Navigation & Human Sky Knowledge",Not started,Medium,
ST-305,ST-305 Research megalithic astronomy.,STD · P — Ancient astronomy foundations,"STD — Cultural Astronomy, Navigation & Human Sky Knowledge",Not started,Medium,
ST-306,ST-306 Document Stonehenge astronomical theories.,STD · P — Ancient astronomy foundations,"STD — Cultural Astronomy, Navigation & Human Sky Knowledge",Not started,Medium,
ST-307,ST-307 Research Nabta Playa sky alignments.,STD · P — Ancient astronomy foundations,"STD — Cultural Astronomy, Navigation & Human Sky Knowledge",Not started,Medium,
ST-308,ST-308 Research early constellation development.,STD · P — Ancient astronomy foundations,"STD — Cultural Astronomy, Navigation & Human Sky Knowledge",Not started,Medium,
ST-309,ST-309 Document ancient seasonal sky tracking.,STD · P — Ancient astronomy foundations,"STD — Cultural Astronomy, Navigation & Human Sky Knowledge",Not started,Medium,
ST-310,ST-310 Research agriculture-driven astronomy.,STD · P — Ancient astronomy foundations,"STD — Cultural Astronomy, Navigation & Human Sky Knowledge",Not started,Medium,
ST-311,ST-311 Research star-based migration traditions.,STD · P — Ancient astronomy foundations,"STD — Cultural Astronomy, Navigation & Human Sky Knowledge",Not started,Medium,
ST-312,ST-312 Research astronomy and navigation origins.,STD · P — Ancient astronomy foundations,"STD — Cultural Astronomy, Navigation & Human Sky Knowledge",Not started,Medium,
ST-313,ST-313 Document naked-eye observing techniques.,STD · P — Ancient astronomy foundations,"STD — Cultural Astronomy, Navigation & Human Sky Knowledge",Not started,Medium,
ST-314,ST-314 Research emergence of zodiac systems.,STD · P — Ancient astronomy foundations,"STD — Cultural Astronomy, Navigation & Human Sky Knowledge",Not started,Medium,
ST-315,ST-315 Document development of celestial mapping.,STD · P — Ancient astronomy foundations,"STD — Cultural Astronomy, Navigation & Human Sky Knowledge",Not started,Medium,
ST-316,ST-316 Research astronomy in early civilizations.,STD · P — Ancient astronomy foundations,"STD — Cultural Astronomy, Navigation & Human Sky Knowledge",Not started,Medium,
ST-317,ST-317 Create timeline of ancient astronomy.,STD · P — Ancient astronomy foundations,"STD — Cultural Astronomy, Navigation & Human Sky Knowledge",Not started,Medium,
ST-318,ST-318 Build ancient-sky knowledge graph.,STD · P — Ancient astronomy foundations,"STD — Cultural Astronomy, Navigation & Human Sky Knowledge",Not started,Medium,
ST-319,ST-319 Create educational history narrative.,STD · P — Ancient astronomy foundations,"STD — Cultural Astronomy, Navigation & Human Sky Knowledge",Not started,Medium,
ST-320,ST-320 Produce Ancient Astronomy Dataset v1.,STD · P — Ancient astronomy foundations,"STD — Cultural Astronomy, Navigation & Human Sky Knowledge",Not started,Medium,
ST-321,ST-321 Research Babylonian astronomy.,"STD · Q — Mesopotamian, Egyptian & Greek traditions","STD — Cultural Astronomy, Navigation & Human Sky Knowledge",Not started,Medium,
ST-322,ST-322 Research Sumerian sky traditions.,"STD · Q — Mesopotamian, Egyptian & Greek traditions","STD — Cultural Astronomy, Navigation & Human Sky Knowledge",Not started,Medium,
ST-323,ST-323 Research Assyrian astronomical records.,"STD · Q — Mesopotamian, Egyptian & Greek traditions","STD — Cultural Astronomy, Navigation & Human Sky Knowledge",Not started,Medium,
ST-324,ST-324 Document MUL.APIN star catalog.,"STD · Q — Mesopotamian, Egyptian & Greek traditions","STD — Cultural Astronomy, Navigation & Human Sky Knowledge",Not started,Medium,
ST-325,ST-325 Research Babylonian constellation origins.,"STD · Q — Mesopotamian, Egyptian & Greek traditions","STD — Cultural Astronomy, Navigation & Human Sky Knowledge",Not started,Medium,
ST-326,ST-326 Research ancient Egyptian astronomy.,"STD · Q — Mesopotamian, Egyptian & Greek traditions","STD — Cultural Astronomy, Navigation & Human Sky Knowledge",Not started,Medium,
ST-327,ST-327 Research Sirius and Nile flooding traditions.,"STD · Q — Mesopotamian, Egyptian & Greek traditions","STD — Cultural Astronomy, Navigation & Human Sky Knowledge",Not started,Medium,
ST-328,ST-328 Document Egyptian decan systems.,"STD · Q — Mesopotamian, Egyptian & Greek traditions","STD — Cultural Astronomy, Navigation & Human Sky Knowledge",Not started,Medium,
ST-329,ST-329 Research pyramid astronomical alignments.,"STD · Q — Mesopotamian, Egyptian & Greek traditions","STD — Cultural Astronomy, Navigation & Human Sky Knowledge",Not started,Medium,
ST-330,ST-330 Research Greek astronomy origins.,"STD · Q — Mesopotamian, Egyptian & Greek traditions","STD — Cultural Astronomy, Navigation & Human Sky Knowledge",Not started,Medium,
ST-331,ST-331 Document Hipparchus contributions.,"STD · Q — Mesopotamian, Egyptian & Greek traditions","STD — Cultural Astronomy, Navigation & Human Sky Knowledge",Not started,Medium,
ST-332,ST-332 Research Ptolemy and the Almagest.,"STD · Q — Mesopotamian, Egyptian & Greek traditions","STD — Cultural Astronomy, Navigation & Human Sky Knowledge",Not started,Medium,
ST-333,ST-333 Research Greek constellation mythology.,"STD · Q — Mesopotamian, Egyptian & Greek traditions","STD — Cultural Astronomy, Navigation & Human Sky Knowledge",Not started,Medium,
ST-334,ST-334 Document Greek celestial sphere concepts.,"STD · Q — Mesopotamian, Egyptian & Greek traditions","STD — Cultural Astronomy, Navigation & Human Sky Knowledge",Not started,Medium,
ST-335,ST-335 Research Hellenistic sky mapping.,"STD · Q — Mesopotamian, Egyptian & Greek traditions","STD — Cultural Astronomy, Navigation & Human Sky Knowledge",Not started,Medium,
ST-336,ST-336 Create Mesopotamian-to-Greek lineage map.,"STD · Q — Mesopotamian, Egyptian & Greek traditions","STD — Cultural Astronomy, Navigation & Human Sky Knowledge",Not started,Medium,
ST-337,ST-337 Build mythological relationship graph.,"STD · Q — Mesopotamian, Egyptian & Greek traditions","STD — Cultural Astronomy, Navigation & Human Sky Knowledge",Not started,Medium,
ST-338,ST-338 Create educational mythology summaries.,"STD · Q — Mesopotamian, Egyptian & Greek traditions","STD — Cultural Astronomy, Navigation & Human Sky Knowledge",Not started,Medium,
ST-339,ST-339 Validate historical source consistency.,"STD · Q — Mesopotamian, Egyptian & Greek traditions","STD — Cultural Astronomy, Navigation & Human Sky Knowledge",Not started,Medium,
ST-340,ST-340 Produce Mediterranean Astronomy Dataset v1.,"STD · Q — Mesopotamian, Egyptian & Greek traditions","STD — Cultural Astronomy, Navigation & Human Sky Knowledge",Not started,Medium,
ST-341,ST-341 Research ancient Chinese astronomy.,"STD · R — Chinese, Indian, Japanese & Korean astronomy","STD — Cultural Astronomy, Navigation & Human Sky Knowledge",Not started,Medium,
ST-342,ST-342 Document Chinese sky divisions.,"STD · R — Chinese, Indian, Japanese & Korean astronomy","STD — Cultural Astronomy, Navigation & Human Sky Knowledge",Not started,Medium,
ST-343,ST-343 Research Twenty-Eight Mansions.,"STD · R — Chinese, Indian, Japanese & Korean astronomy","STD — Cultural Astronomy, Navigation & Human Sky Knowledge",Not started,Medium,
ST-344,ST-344 Research Chinese star catalogs.,"STD · R — Chinese, Indian, Japanese & Korean astronomy","STD — Cultural Astronomy, Navigation & Human Sky Knowledge",Not started,Medium,
ST-345,ST-345 Document Chinese supernova observations.,"STD · R — Chinese, Indian, Japanese & Korean astronomy","STD — Cultural Astronomy, Navigation & Human Sky Knowledge",Not started,Medium,
ST-346,ST-346 Research Chinese comet records.,"STD · R — Chinese, Indian, Japanese & Korean astronomy","STD — Cultural Astronomy, Navigation & Human Sky Knowledge",Not started,Medium,
ST-347,ST-347 Research Indian astronomy origins.,"STD · R — Chinese, Indian, Japanese & Korean astronomy","STD — Cultural Astronomy, Navigation & Human Sky Knowledge",Not started,Medium,
ST-348,ST-348 Document Nakshatra systems.,"STD · R — Chinese, Indian, Japanese & Korean astronomy","STD — Cultural Astronomy, Navigation & Human Sky Knowledge",Not started,Medium,
ST-349,ST-349 Research Vedic astronomy.,"STD · R — Chinese, Indian, Japanese & Korean astronomy","STD — Cultural Astronomy, Navigation & Human Sky Knowledge",Not started,Medium,
ST-350,ST-350 Research ancient Indian observatories.,"STD · R — Chinese, Indian, Japanese & Korean astronomy","STD — Cultural Astronomy, Navigation & Human Sky Knowledge",Not started,Medium,
ST-351,ST-351 Research traditional Japanese astronomy.,"STD · R — Chinese, Indian, Japanese & Korean astronomy","STD — Cultural Astronomy, Navigation & Human Sky Knowledge",Not started,Medium,
ST-352,ST-352 Document Japanese star lore.,"STD · R — Chinese, Indian, Japanese & Korean astronomy","STD — Cultural Astronomy, Navigation & Human Sky Knowledge",Not started,Medium,
ST-353,ST-353 Research Korean astronomy history.,"STD · R — Chinese, Indian, Japanese & Korean astronomy","STD — Cultural Astronomy, Navigation & Human Sky Knowledge",Not started,Medium,
ST-354,ST-354 Document Korean sky records.,"STD · R — Chinese, Indian, Japanese & Korean astronomy","STD — Cultural Astronomy, Navigation & Human Sky Knowledge",Not started,Medium,
ST-355,ST-355 Research East Asian constellation systems.,"STD · R — Chinese, Indian, Japanese & Korean astronomy","STD — Cultural Astronomy, Navigation & Human Sky Knowledge",Not started,Medium,
ST-356,ST-356 Compare East Asian and Western skies.,"STD · R — Chinese, Indian, Japanese & Korean astronomy","STD — Cultural Astronomy, Navigation & Human Sky Knowledge",Not started,Medium,
ST-357,ST-357 Build East Asian sky knowledge graph.,"STD · R — Chinese, Indian, Japanese & Korean astronomy","STD — Cultural Astronomy, Navigation & Human Sky Knowledge",Not started,Medium,
ST-358,ST-358 Create cultural astronomy educational content.,"STD · R — Chinese, Indian, Japanese & Korean astronomy","STD — Cultural Astronomy, Navigation & Human Sky Knowledge",Not started,Medium,
ST-359,ST-359 Validate cross-cultural constellation mappings.,"STD · R — Chinese, Indian, Japanese & Korean astronomy","STD — Cultural Astronomy, Navigation & Human Sky Knowledge",Not started,Medium,
ST-360,ST-360 Produce Asian Astronomy Dataset v1.,"STD · R — Chinese, Indian, Japanese & Korean astronomy","STD — Cultural Astronomy, Navigation & Human Sky Knowledge",Not started,Medium,
ST-361,ST-361 Research Polynesian wayfinding astronomy.,"STD · S — Indigenous, Polynesian & Arabic sky traditions","STD — Cultural Astronomy, Navigation & Human Sky Knowledge",Not started,Medium,
ST-362,ST-362 Document Polynesian navigation stars.,"STD · S — Indigenous, Polynesian & Arabic sky traditions","STD — Cultural Astronomy, Navigation & Human Sky Knowledge",Not started,Medium,
ST-363,ST-363 Research Polynesian star compasses.,"STD · S — Indigenous, Polynesian & Arabic sky traditions","STD — Cultural Astronomy, Navigation & Human Sky Knowledge",Not started,Medium,
ST-364,ST-364 Research Māori astronomy traditions.,"STD · S — Indigenous, Polynesian & Arabic sky traditions","STD — Cultural Astronomy, Navigation & Human Sky Knowledge",Not started,Medium,
ST-365,ST-365 Research Aboriginal Australian astronomy.,"STD · S — Indigenous, Polynesian & Arabic sky traditions","STD — Cultural Astronomy, Navigation & Human Sky Knowledge",Not started,Medium,
ST-366,ST-366 Document Aboriginal sky stories.,"STD · S — Indigenous, Polynesian & Arabic sky traditions","STD — Cultural Astronomy, Navigation & Human Sky Knowledge",Not started,Medium,
ST-367,ST-367 Research Indigenous North American astronomy.,"STD · S — Indigenous, Polynesian & Arabic sky traditions","STD — Cultural Astronomy, Navigation & Human Sky Knowledge",Not started,Medium,
ST-368,ST-368 Research Maya astronomy.,"STD · S — Indigenous, Polynesian & Arabic sky traditions","STD — Cultural Astronomy, Navigation & Human Sky Knowledge",Not started,Medium,
ST-369,ST-369 Research Aztec astronomy.,"STD · S — Indigenous, Polynesian & Arabic sky traditions","STD — Cultural Astronomy, Navigation & Human Sky Knowledge",Not started,Medium,
ST-370,ST-370 Research Inca astronomy.,"STD · S — Indigenous, Polynesian & Arabic sky traditions","STD — Cultural Astronomy, Navigation & Human Sky Knowledge",Not started,Medium,
ST-371,ST-371 Research Arabic astronomy.,"STD · S — Indigenous, Polynesian & Arabic sky traditions","STD — Cultural Astronomy, Navigation & Human Sky Knowledge",Not started,Medium,
ST-372,ST-372 Document Arabic star naming traditions.,"STD · S — Indigenous, Polynesian & Arabic sky traditions","STD — Cultural Astronomy, Navigation & Human Sky Knowledge",Not started,Medium,
ST-373,ST-373 Research Islamic Golden Age astronomy.,"STD · S — Indigenous, Polynesian & Arabic sky traditions","STD — Cultural Astronomy, Navigation & Human Sky Knowledge",Not started,Medium,
ST-374,ST-374 Document Arabic celestial navigation.,"STD · S — Indigenous, Polynesian & Arabic sky traditions","STD — Cultural Astronomy, Navigation & Human Sky Knowledge",Not started,Medium,
ST-375,ST-375 Research historical transmission of star names.,"STD · S — Indigenous, Polynesian & Arabic sky traditions","STD — Cultural Astronomy, Navigation & Human Sky Knowledge",Not started,Medium,
ST-376,ST-376 Compare Indigenous sky systems.,"STD · S — Indigenous, Polynesian & Arabic sky traditions","STD — Cultural Astronomy, Navigation & Human Sky Knowledge",Not started,Medium,
ST-377,ST-377 Build world sky traditions knowledge graph.,"STD · S — Indigenous, Polynesian & Arabic sky traditions","STD — Cultural Astronomy, Navigation & Human Sky Knowledge",Not started,Medium,
ST-378,ST-378 Create navigation-culture educational content.,"STD · S — Indigenous, Polynesian & Arabic sky traditions","STD — Cultural Astronomy, Navigation & Human Sky Knowledge",Not started,Medium,
ST-379,ST-379 Validate cultural astronomy dataset.,"STD · S — Indigenous, Polynesian & Arabic sky traditions","STD — Cultural Astronomy, Navigation & Human Sky Knowledge",Not started,Medium,
ST-380,ST-380 Produce Global Sky Cultures Dataset v1.,"STD · S — Indigenous, Polynesian & Arabic sky traditions","STD — Cultural Astronomy, Navigation & Human Sky Knowledge",Not started,Medium,
ST-381,ST-381 Research celestial navigation fundamentals.,STD · T — Celestial navigation & human exploration,"STD — Cultural Astronomy, Navigation & Human Sky Knowledge",Not started,Medium,
ST-382,ST-382 Document latitude determination by stars.,STD · T — Celestial navigation & human exploration,"STD — Cultural Astronomy, Navigation & Human Sky Knowledge",Not started,Medium,
ST-383,ST-383 Research historical ocean navigation.,STD · T — Celestial navigation & human exploration,"STD — Cultural Astronomy, Navigation & Human Sky Knowledge",Not started,Medium,
ST-384,ST-384 Research Age of Exploration star navigation.,STD · T — Celestial navigation & human exploration,"STD — Cultural Astronomy, Navigation & Human Sky Knowledge",Not started,Medium,
ST-385,ST-385 Document sextant usage principles.,STD · T — Celestial navigation & human exploration,"STD — Cultural Astronomy, Navigation & Human Sky Knowledge",Not started,Medium,
ST-386,ST-386 Research chronometer history.,STD · T — Celestial navigation & human exploration,"STD — Cultural Astronomy, Navigation & Human Sky Knowledge",Not started,Medium,
ST-387,ST-387 Document longitude determination.,STD · T — Celestial navigation & human exploration,"STD — Cultural Astronomy, Navigation & Human Sky Knowledge",Not started,Medium,
ST-388,ST-388 Research navigation star catalogs.,STD · T — Celestial navigation & human exploration,"STD — Cultural Astronomy, Navigation & Human Sky Knowledge",Not started,Medium,
ST-389,ST-389 Research Polaris navigation methods.,STD · T — Celestial navigation & human exploration,"STD — Cultural Astronomy, Navigation & Human Sky Knowledge",Not started,Medium,
ST-390,ST-390 Research Southern Cross navigation methods.,STD · T — Celestial navigation & human exploration,"STD — Cultural Astronomy, Navigation & Human Sky Knowledge",Not started,Medium,
ST-391,ST-391 Research Pacific navigation techniques.,STD · T — Celestial navigation & human exploration,"STD — Cultural Astronomy, Navigation & Human Sky Knowledge",Not started,Medium,
ST-392,ST-392 Research Arctic navigation traditions.,STD · T — Celestial navigation & human exploration,"STD — Cultural Astronomy, Navigation & Human Sky Knowledge",Not started,Medium,
ST-393,ST-393 Research desert navigation traditions.,STD · T — Celestial navigation & human exploration,"STD — Cultural Astronomy, Navigation & Human Sky Knowledge",Not started,Medium,
ST-394,ST-394 Document astronomical timekeeping history.,STD · T — Celestial navigation & human exploration,"STD — Cultural Astronomy, Navigation & Human Sky Knowledge",Not started,Medium,
ST-395,ST-395 Research observatory development history.,STD · T — Celestial navigation & human exploration,"STD — Cultural Astronomy, Navigation & Human Sky Knowledge",Not started,Medium,
ST-396,ST-396 Create celestial-navigation timeline.,STD · T — Celestial navigation & human exploration,"STD — Cultural Astronomy, Navigation & Human Sky Knowledge",Not started,Medium,
ST-397,ST-397 Build navigation knowledge graph.,STD · T — Celestial navigation & human exploration,"STD — Cultural Astronomy, Navigation & Human Sky Knowledge",Not started,Medium,
ST-398,ST-398 Create educational navigation simulations.,STD · T — Celestial navigation & human exploration,"STD — Cultural Astronomy, Navigation & Human Sky Knowledge",Not started,Medium,
ST-399,ST-399 Validate historical navigation references.,STD · T — Celestial navigation & human exploration,"STD — Cultural Astronomy, Navigation & Human Sky Knowledge",Not started,Medium,
ST-400,ST-400 Produce Human Navigation Dataset v1.,STD · T — Celestial navigation & human exploration,"STD — Cultural Astronomy, Navigation & Human Sky Knowledge",Not started,Medium,
ST-401,ST-401 Design astronomy knowledge graph architecture.,STE · U — Astronomy knowledge graph core,STE — Astronomy Intelligence Platform,Not started,Medium,
ST-402,ST-402 Define celestial entity schema.,STE · U — Astronomy knowledge graph core,STE — Astronomy Intelligence Platform,Not started,Medium,
ST-403,ST-403 Define stellar object schema.,STE · U — Astronomy knowledge graph core,STE — Astronomy Intelligence Platform,Not started,Medium,
ST-404,ST-404 Define constellation schema.,STE · U — Astronomy knowledge graph core,STE — Astronomy Intelligence Platform,Not started,Medium,
ST-405,ST-405 Define deep-sky object schema.,STE · U — Astronomy knowledge graph core,STE — Astronomy Intelligence Platform,Not started,Medium,
ST-406,ST-406 Define mythology schema.,STE · U — Astronomy knowledge graph core,STE — Astronomy Intelligence Platform,Not started,Medium,
ST-407,ST-407 Define culture schema.,STE · U — Astronomy knowledge graph core,STE — Astronomy Intelligence Platform,Not started,Medium,
ST-408,ST-408 Define navigation schema.,STE · U — Astronomy knowledge graph core,STE — Astronomy Intelligence Platform,Not started,Medium,
ST-409,ST-409 Define educational content schema.,STE · U — Astronomy knowledge graph core,STE — Astronomy Intelligence Platform,Not started,Medium,
ST-410,ST-410 Define narration content schema.,STE · U — Astronomy knowledge graph core,STE — Astronomy Intelligence Platform,Not started,Medium,
ST-411,ST-411 Create star-to-constellation relationships.,STE · U — Astronomy knowledge graph core,STE — Astronomy Intelligence Platform,Not started,Medium,
ST-412,ST-412 Create star-to-star relationships.,STE · U — Astronomy knowledge graph core,STE — Astronomy Intelligence Platform,Not started,Medium,
ST-413,ST-413 Create constellation-to-constellation relationships.,STE · U — Astronomy knowledge graph core,STE — Astronomy Intelligence Platform,Not started,Medium,
ST-414,ST-414 Create mythology-to-constellation relationships.,STE · U — Astronomy knowledge graph core,STE — Astronomy Intelligence Platform,Not started,Medium,
ST-415,ST-415 Create culture-to-sky relationships.,STE · U — Astronomy knowledge graph core,STE — Astronomy Intelligence Platform,Not started,Medium,
ST-416,ST-416 Create navigation-to-star relationships.,STE · U — Astronomy knowledge graph core,STE — Astronomy Intelligence Platform,Not started,Medium,
ST-417,ST-417 Build graph validation framework.,STE · U — Astronomy knowledge graph core,STE — Astronomy Intelligence Platform,Not started,Medium,
ST-418,ST-418 Build graph export pipeline.,STE · U — Astronomy knowledge graph core,STE — Astronomy Intelligence Platform,Not started,Medium,
ST-419,ST-419 Create graph visualization specification.,STE · U — Astronomy knowledge graph core,STE — Astronomy Intelligence Platform,Not started,Medium,
ST-420,ST-420 Produce Astronomy Knowledge Graph v1.,STE · U — Astronomy knowledge graph core,STE — Astronomy Intelligence Platform,Not started,Medium,
ST-421,ST-421 Design astronomy learning framework.,STE · V — Educational systems,STE — Astronomy Intelligence Platform,Not started,Medium,
ST-422,ST-422 Create beginner astronomy pathway.,STE · V — Educational systems,STE — Astronomy Intelligence Platform,Not started,Medium,
ST-423,ST-423 Create intermediate astronomy pathway.,STE · V — Educational systems,STE — Astronomy Intelligence Platform,Not started,Medium,
ST-424,ST-424 Create advanced astronomy pathway.,STE · V — Educational systems,STE — Astronomy Intelligence Platform,Not started,Medium,
ST-425,ST-425 Create stellar evolution lesson sequence.,STE · V — Educational systems,STE — Astronomy Intelligence Platform,Not started,Medium,
ST-426,ST-426 Create constellation discovery sequence.,STE · V — Educational systems,STE — Astronomy Intelligence Platform,Not started,Medium,
ST-427,ST-427 Create sky-navigation lesson sequence.,STE · V — Educational systems,STE — Astronomy Intelligence Platform,Not started,Medium,
ST-428,ST-428 Create mythology learning sequence.,STE · V — Educational systems,STE — Astronomy Intelligence Platform,Not started,Medium,
ST-429,ST-429 Create culture comparison lesson sequence.,STE · V — Educational systems,STE — Astronomy Intelligence Platform,Not started,Medium,
ST-430,ST-430 Create observational astronomy curriculum.,STE · V — Educational systems,STE — Astronomy Intelligence Platform,Not started,Medium,
ST-431,ST-431 Create child-friendly astronomy module.,STE · V — Educational systems,STE — Astronomy Intelligence Platform,Not started,Medium,
ST-432,ST-432 Create teen astronomy module.,STE · V — Educational systems,STE — Astronomy Intelligence Platform,Not started,Medium,
ST-433,ST-433 Create adult astronomy module.,STE · V — Educational systems,STE — Astronomy Intelligence Platform,Not started,Medium,
ST-434,ST-434 Create educator resource package.,STE · V — Educational systems,STE — Astronomy Intelligence Platform,Not started,Medium,
ST-435,ST-435 Create astronomy glossary dataset.,STE · V — Educational systems,STE — Astronomy Intelligence Platform,Not started,Medium,
ST-436,ST-436 Create astronomy question bank.,STE · V — Educational systems,STE — Astronomy Intelligence Platform,Not started,Medium,
ST-437,ST-437 Create astronomy quiz generation system.,STE · V — Educational systems,STE — Astronomy Intelligence Platform,Not started,Medium,
ST-438,ST-438 Create adaptive learning recommendations.,STE · V — Educational systems,STE — Astronomy Intelligence Platform,Not started,Medium,
ST-439,ST-439 Validate educational progression pathways.,STE · V — Educational systems,STE — Astronomy Intelligence Platform,Not started,Medium,
ST-440,ST-440 Produce Educational Astronomy System v1.,STE · V — Educational systems,STE — Astronomy Intelligence Platform,Not started,Medium,
ST-441,ST-441 Design astronomy narration architecture.,STE · W — Narration & discovery systems,STE — Astronomy Intelligence Platform,Not started,Medium,
ST-442,ST-442 Create star narration template.,STE · W — Narration & discovery systems,STE — Astronomy Intelligence Platform,Not started,Medium,
ST-443,ST-443 Create constellation narration template.,STE · W — Narration & discovery systems,STE — Astronomy Intelligence Platform,Not started,Medium,
ST-444,ST-444 Create mythology narration template.,STE · W — Narration & discovery systems,STE — Astronomy Intelligence Platform,Not started,Medium,
ST-445,ST-445 Create culture narration template.,STE · W — Narration & discovery systems,STE — Astronomy Intelligence Platform,Not started,Medium,
ST-446,ST-446 Create deep-sky-object narration template.,STE · W — Narration & discovery systems,STE — Astronomy Intelligence Platform,Not started,Medium,
ST-447,ST-447 Create navigation narration template.,STE · W — Narration & discovery systems,STE — Astronomy Intelligence Platform,Not started,Medium,
ST-448,ST-448 Create discovery-story framework.,STE · W — Narration & discovery systems,STE — Astronomy Intelligence Platform,Not started,Medium,
ST-449,ST-449 Create astronomy timeline narration system.,STE · W — Narration & discovery systems,STE — Astronomy Intelligence Platform,Not started,Medium,
ST-450,ST-450 Create scientific discovery narratives.,STE · W — Narration & discovery systems,STE — Astronomy Intelligence Platform,Not started,Medium,
ST-451,ST-451 Create observational experience narratives.,STE · W — Narration & discovery systems,STE — Astronomy Intelligence Platform,Not started,Medium,
ST-452,ST-452 Create child-focused narration style guide.,STE · W — Narration & discovery systems,STE — Astronomy Intelligence Platform,Not started,Medium,
ST-453,ST-453 Create educational narration style guide.,STE · W — Narration & discovery systems,STE — Astronomy Intelligence Platform,Not started,Medium,
ST-454,ST-454 Create exploratory narration style guide.,STE · W — Narration & discovery systems,STE — Astronomy Intelligence Platform,Not started,Medium,
ST-455,ST-455 Build narration metadata schema.,STE · W — Narration & discovery systems,STE — Astronomy Intelligence Platform,Not started,Medium,
ST-456,ST-456 Build narration relationship mapping.,STE · W — Narration & discovery systems,STE — Astronomy Intelligence Platform,Not started,Medium,
ST-457,ST-457 Build narrated learning journeys.,STE · W — Narration & discovery systems,STE — Astronomy Intelligence Platform,Not started,Medium,
ST-458,ST-458 Validate narration consistency.,STE · W — Narration & discovery systems,STE — Astronomy Intelligence Platform,Not started,Medium,
ST-459,ST-459 Create discovery recommendation engine.,STE · W — Narration & discovery systems,STE — Astronomy Intelligence Platform,Not started,Medium,
ST-460,ST-460 Produce Astronomy Narration System v1.,STE · W — Narration & discovery systems,STE — Astronomy Intelligence Platform,Not started,Medium,
ST-461,ST-461 Design celestial visualization architecture.,STE · X — Observation & visualization systems,STE — Astronomy Intelligence Platform,Not started,Medium,
ST-462,ST-462 Build star color reference dataset.,STE · X — Observation & visualization systems,STE — Astronomy Intelligence Platform,Not started,Medium,
ST-463,ST-463 Build stellar temperature visualization dataset.,STE · X — Observation & visualization systems,STE — Astronomy Intelligence Platform,Not started,Medium,
ST-464,ST-464 Build stellar size comparison dataset.,STE · X — Observation & visualization systems,STE — Astronomy Intelligence Platform,Not started,Medium,
ST-465,ST-465 Build stellar luminosity comparison dataset.,STE · X — Observation & visualization systems,STE — Astronomy Intelligence Platform,Not started,Medium,
ST-466,ST-466 Build spectral classification visualization dataset.,STE · X — Observation & visualization systems,STE — Astronomy Intelligence Platform,Not started,Medium,
ST-467,ST-467 Build constellation line dataset. (Stick figures — the drawn,STE · X — Observation & visualization systems,STE — Astronomy Intelligence Platform,Not started,Medium,
ST-468,ST-468 Build constellation boundary dataset.,STE · X — Observation & visualization systems,STE — Astronomy Intelligence Platform,Not started,Medium,
ST-469,ST-469 Build seasonal sky visualization dataset.,STE · X — Observation & visualization systems,STE — Astronomy Intelligence Platform,Not started,Medium,
ST-470,ST-470 Build northern hemisphere sky dataset.,STE · X — Observation & visualization systems,STE — Astronomy Intelligence Platform,Not started,Medium,
ST-471,ST-471 Build southern hemisphere sky dataset.,STE · X — Observation & visualization systems,STE — Astronomy Intelligence Platform,Not started,Medium,
ST-472,ST-472 Build naked-eye visibility dataset.,STE · X — Observation & visualization systems,STE — Astronomy Intelligence Platform,Not started,Medium,
ST-473,ST-473 Build binocular observation dataset.,STE · X — Observation & visualization systems,STE — Astronomy Intelligence Platform,Not started,Medium,
ST-474,ST-474 Build telescope observation dataset.,STE · X — Observation & visualization systems,STE — Astronomy Intelligence Platform,Not started,Medium,
ST-475,ST-475 Build sky simulation metadata schema.,STE · X — Observation & visualization systems,STE — Astronomy Intelligence Platform,Not started,Medium,
ST-476,ST-476 Create visualization quality guidelines.,STE · X — Observation & visualization systems,STE — Astronomy Intelligence Platform,Not started,Medium,
ST-477,ST-477 Create astronomy artwork standards.,STE · X — Observation & visualization systems,STE — Astronomy Intelligence Platform,Not started,Medium,
ST-478,ST-478 Validate visualization consistency.,STE · X — Observation & visualization systems,STE — Astronomy Intelligence Platform,Not started,Medium,
ST-479,ST-479 Produce visualization asset registry.,STE · X — Observation & visualization systems,STE — Astronomy Intelligence Platform,Not started,Medium,
ST-480,ST-480 Produce Observation & Visualization Dataset v1.,STE · X — Observation & visualization systems,STE — Astronomy Intelligence Platform,Not started,Medium,
ST-481,ST-481 Design astronomy AI integration architecture.,STE · Y — AI astronomy layer & final integration,STE — Astronomy Intelligence Platform,Not started,Medium,
ST-482,ST-482 Define astronomy retrieval schema.,STE · Y — AI astronomy layer & final integration,STE — Astronomy Intelligence Platform,Not started,Medium,
ST-483,ST-483 Define astronomy search index schema.,STE · Y — AI astronomy layer & final integration,STE — Astronomy Intelligence Platform,Not started,Medium,
ST-484,ST-484 Create star-search dataset.,STE · Y — AI astronomy layer & final integration,STE — Astronomy Intelligence Platform,Not started,Medium,
ST-485,ST-485 Create constellation-search dataset.,STE · Y — AI astronomy layer & final integration,STE — Astronomy Intelligence Platform,Not started,Medium,
ST-486,ST-486 Create mythology-search dataset.,STE · Y — AI astronomy layer & final integration,STE — Astronomy Intelligence Platform,Not started,Medium,
ST-487,ST-487 Create educational-query dataset.,STE · Y — AI astronomy layer & final integration,STE — Astronomy Intelligence Platform,Not started,Medium,
ST-488,ST-488 Create astronomy fact-verification pipeline.,STE · Y — AI astronomy layer & final integration,STE — Astronomy Intelligence Platform,Not started,Medium,
ST-489,ST-489 Create source-citation generation pipeline.,STE · Y — AI astronomy layer & final integration,STE — Astronomy Intelligence Platform,Not started,Medium,
ST-490,ST-490 Create astronomy recommendation engine.,STE · Y — AI astronomy layer & final integration,STE — Astronomy Intelligence Platform,Not started,Medium,
ST-491,ST-491 Build explorer-mode query system.,STE · Y — AI astronomy layer & final integration,STE — Astronomy Intelligence Platform,Not started,Medium,
ST-492,ST-492 Build guided-tour query system.,STE · Y — AI astronomy layer & final integration,STE — Astronomy Intelligence Platform,Not started,Medium,
ST-493,ST-493 Build child-safe astronomy explanation system.,STE · Y — AI astronomy layer & final integration,STE — Astronomy Intelligence Platform,Not started,Medium,
ST-494,ST-494 Build astronomy relationship explorer.,STE · Y — AI astronomy layer & final integration,STE — Astronomy Intelligence Platform,Not started,Medium,
ST-495,ST-495 Create astronomy concept map.,STE · Y — AI astronomy layer & final integration,STE — Astronomy Intelligence Platform,Not started,Medium,
ST-496,ST-496 Validate all previous astronomy datasets.,STE · Y — AI astronomy layer & final integration,STE — Astronomy Intelligence Platform,Not started,Medium,
ST-497,ST-497 Validate graph integrity.,STE · Y — AI astronomy layer & final integration,STE — Astronomy Intelligence Platform,Not started,Medium,
ST-498,ST-498 Export final integrated astronomy universe dataset.,STE · Y — AI astronomy layer & final integration,STE — Astronomy Intelligence Platform,Not started,Medium,
ST-499,ST-499 Perform end-to-end echoGalaxy astronomy review.,STE · Y — AI astronomy layer & final integration,STE — Astronomy Intelligence Platform,Not started,Medium,
ST-500,ST-500 Produce Astronomy Intelligence Platform v1.,STE · Y — AI astronomy layer & final integration,STE — Astronomy Intelligence Platform,Not started,Medium,
